archivo,url,fecha_descarga,sha256,filas
season-0001.csv,hhttps://datahub.io/football/english-premier-league/season-0001.csv,2026-10-04,3780c47c0d0dee6cddf64ede2d15c5290ad6ecae18999c8a26cc64293268a541,380
season-0102.csv,hhttps://datahub.io/football/english-premier-league/season-0102.csv,2026-10-04,acd2ee73fb1ed68a1502fc6df723f7029127f9415ff3a0cf65252d96ef9cf12b,380
season-0203.csv,hhttps://datahub.io/football/english-premier-league/season-0203.csv,2026-10-04,9260047ee8f2adec96ceae9442c920576cc9d509e56a423598b154f2342d9d5b,380
season-0304.csv,hhttps://datahub.io/football/english-premier-league/season-0304.csv,2026-10-04,f08d49503ef3aa44e48ad721c502901e305c54e4c16525493de6ac2bb6aa7d96,380
season-0405.csv,hhttps://datahub.io/football/english-premier-league/season-0405.csv,2026-10-04,4feaf3db433617c3db8e0f754248ba93add8b1dfc79e65b9216d36b2ff2cb5f7,380
season-0506.csv,hhttps://datahub.io/football/english-premier-league/season-0506.csv,2026-10-04,0d468055ac12ff6bea0dbefde086fae0dbe5ae9248f9a50d1dc16246d2877229,380
season-0607.csv,hhttps://datahub.io/football/english-premier-league/season-0607.csv,2026-10-04,e515d14d310b43db81b150d99f916dfc72a4a195f8bbf9d393770e6b4d4c9401,380
season-0708.csv,hhttps://datahub.io/football/english-premier-league/season-0708.csv,2026-10-04,2a843b2f5523c89f1f4588fdc28e5928828097b3c82a5dced9ea360cc89cb6ea,380
season-0809.csv,hhttps://datahub.io/football/english-premier-league/season-0809.csv,2026-10-04,e20b7a0a37e279072ddf8ebfb5644fa4c33dbfe08f0ee32a6b5d4dc0f9835cb0,380
season-0910.csv,hhttps://datahub.io/football/english-premier-league/season-0910.csv,2026-10-04,5389973ea38564d42c8c24b0d32f54c2c2c4a5f48746c108e6f5770ae02565ca,380
season-1011.csv,hhttps://datahub.io/football/english-premier-league/season-1011.csv,2026-10-04,bb0d7f764f3bfe40df111d0b5147e60c0a47971cd74153e2c402055b5d87fe85,380
season-1112.csv,hhttps://datahub.io/football/english-premier-league/season-1112.csv,2026-10-04,4f35683bb672c0e4b00478e05474b10601693d1791490c7ada7d2cc266efd644,380
season-1213.csv,hhttps://datahub.io/football/english-premier-league/season-1213.csv,2026-10-04,79cc32ff3a8baa38d3554f19f0ef871d9095aa96f6b1e9bd689191bc0618a0d2,380
season-1314.csv,hhttps://datahub.io/football/english-premier-league/season-1314.csv,2026-10-04,ca968765e0af6b54cf2a45db7314f953552c64b760eb9b9a096ed2d856caa518,380
season-1415.csv,hhttps://datahub.io/football/english-premier-league/season-1415.csv,2026-10-04,753d29740e76aa0ccd14bd9e1f55b716eb2887af05035b5764991d218d062fbc,380
season-1516.csv,hhttps://datahub.io/football/english-premier-league/season-1516.csv,2026-10-04,f8af30050e1856844dbd7dda92bd5cf67576a38d181d552efbf729b49e773ac5,380
season-1617.csv,hhttps://datahub.io/football/english-premier-league/season-1617.csv,2026-10-04,a56a505526a155fe4fc847e7bbcdfb0eea55b540037b8365938ea8bec2c973a0,380
season-1718.csv,hhttps://datahub.io/football/english-premier-league/season-1718.csv,2026-10-04,9f31132a858450c276605306e207384a9e20d1b5b9ccd73c34998ad3309a6823,380
season-1819.csv,hhttps://datahub.io/football/english-premier-league/season-1819.csv,2026-10-04,3b3505f2b99e70ea064834a327349a9fb555bfa269414f1c943805653af806ce,380
season-1920.csv,hhttps://datahub.io/football/english-premier-league/season-1920.csv,2026-10-04,385cfe508f2977dd57cead1cd53b6ca6e9c4fcdbfc2673926d018624682216fa,380
season-2021.csv,hhttps://datahub.io/football/english-premier-league/season-2021.csv,2026-10-04,336e0266ee200ac7c7e3ff3e0501e38c23b53bb43d2b7b4cfa8ed1b5efefbbdb,380
season-2122.csv,hhttps://datahub.io/football/english-premier-league/season-2122.csv,2026-10-04,7ad72ed0b473a7a4c595ab5fad1c352c55b24890d860f052fd5af15176c5caa6,380
season-2223.csv,hhttps://datahub.io/football/english-premier-league/season-2223.csv,2026-10-04,58beefdfc6a95fb3a0ee0d7b86cde03b0cd3bc4acebe453f19cb54ead92f4dc8,380
season-2324.csv,hhttps://datahub.io/football/english-premier-league/season-2324.csv,2026-10-04,f64a0999d037a8d1bcd0346f5d7532bbc3d2ec3434f9a46591713ea23c47aa15,380
season-2425.csv,hhttps://datahub.io/football/english-premier-league/season-2425.csv,2026-10-04,386369240ce88153da2ba231c6f356003eca395845b754e216b46bed62f69076,380
season-2526 (1).csv,hhttps://datahub.io/football/english-premier-league/season-2526 (1).csv,2026-10-04,06efa0bfb5309a0b8132731a1d97fe6f4f1db25138a486db3e62d376f0f9805e,380
season-9394 (1).csv,hhttps://datahub.io/football/english-premier-league/season-9394 (1).csv,2026-10-04,09acb71dc6e381944826b5e40e3817b0fc680c7b4daee64a3986f497f9fb446a,462
season-9495.csv,hhttps://datahub.io/football/english-premier-league/season-9495.csv,2026-10-04,d47670fd91a727b49adc4fc03af5dbf1ec770097f075bf80a5f87f74d4c3ff1c,462
season-9596.csv,hhttps://datahub.io/football/english-premier-league/season-9596.csv,2026-10-04,a0c9ca7f98d9bedc64404616810c94ec91edfcf80ac3e607e53542b3a9ce5f96,380
season-9697.csv,hhttps://datahub.io/football/english-premier-league/season-9697.csv,2026-10-04,eb64e2f6dbce674fe4df14f661602b104809bbb2c8c8621d322f68449481814d,380
season-9798.csv,hhttps://datahub.io/football/english-premier-league/season-9798.csv,2026-10-04,572afdf42325713d1266fe4a1b125320a1960f03eeddd145dd016106e71f22f8,380
season-9899.csv,hhttps://datahub.io/football/english-premier-league/season-9899.csv,2026-10-04,9e57649a2aca676d198e1479bd3107ef5da589a7b9cf501a90eaa56fa48f75f6,380
season-9900.csv,hhttps://datahub.io/football/english-premier-league/season-9900.csv,2026-10-04,a9f753a134241af3f9d1369b5d515d32378f5173f0fb142baba60c061aa95070,380
